compound_id,compound_name,disease_id,disease_name,status,degree_CbG,degree_CdG,degree_CtD,degree_CuG,degree_DaG,degree_DtC,PC_CdrGiGaD,PC_CtGaD,PC_CurGiGaD
DB00158,Folic Acid,DOID:8778,Crohn's disease,0,12,0,0,0,120,6,0,0,0
DB00163,Vitamin E,DOID:8778,Crohn's disease,0,19,6,0,1,120,6,0,0,0
DB00190,Carbidopa,DOID:8778,Crohn's disease,0,1,16,0,6,120,6,1,0,0
DB00215,Citalopram,DOID:8778,Crohn's disease,0,14,8,1,2,120,6,0,0,0
DB00220,Nelfinavir,DOID:8778,Crohn's disease,0,14,5,1,42,120,6,0,0,4
DB00224,Indinavir,DOID:8778,Crohn's disease,0,13,18,1,3,120,6,1,0,0
DB00238,Nevirapine,DOID:8778,Crohn's disease,0,7,0,1,0,120,6,0,0,0
DB00244,Mesalazine,DOID:8778,Crohn's disease,1,7,27,2,10,120,6,4,2,9
DB00245,Benzatropine,DOID:8778,Crohn's disease,0,6,1,0,1,120,6,0,0,0
DB00246,Ziprasidone,DOID:8778,Crohn's disease,0,34,1,0,0,120,6,0,0,0
DB00248,Cabergoline,DOID:8778,Crohn's disease,0,21,6,0,2,120,6,0,0,0
DB00268,Ropinirole,DOID:8778,Crohn's disease,0,17,9,0,7,120,6,0,0,1
DB00279,Liothyronine,DOID:8778,Crohn's disease,0,16,0,1,2,120,6,0,1,0
DB00282,Pamidronate,DOID:8778,Crohn's disease,0,1,0,2,0,120,6,0,0,0
DB00313,Valproic Acid,DOID:8778,Crohn's disease,0,29,0,2,0,120,6,0,1,0
DB00323,Tolcapone,DOID:8778,Crohn's disease,0,2,2,0,0,120,6,0,0,0
DB00334,Olanzapine,DOID:8778,Crohn's disease,0,39,4,0,7,120,6,0,1,2
DB00338,Omeprazole,DOID:8778,Crohn's disease,0,15,2,1,1,120,6,0,0,0
DB00376,Trihexyphenidyl,DOID:8778,Crohn's disease,0,5,0,0,0,120,6,0,0,0
DB00387,Procyclidine,DOID:8778,Crohn's disease,0,4,6,0,2,120,6,1,0,1
DB00399,Zoledronate,DOID:8778,Crohn's disease,0,6,0,2,0,120,6,0,0,0
DB00413,Pramipexole,DOID:8778,Crohn's disease,0,16,0,0,0,120,6,0,0,0
DB00424,Hyoscyamine,DOID:8778,Crohn's disease,0,4,2,1,0,120,6,0,0,0
DB00425,Zolpidem,DOID:8778,Crohn's disease,0,15,0,0,0,120,6,0,0,0
DB00451,Levothyroxine,DOID:8778,Crohn's disease,0,16,8,1,11,120,6,6,1,0
DB00494,Entacapone,DOID:8778,Crohn's disease,0,2,4,0,5,120,6,0,0,0
DB00495,Zidovudine,DOID:8778,Crohn's disease,0,20,9,1,1,120,6,0,1,0
DB00502,Haloperidol,DOID:8778,Crohn's disease,0,26,1,0,0,120,6,0,0,0
DB00503,Ritonavir,DOID:8778,Crohn's disease,0,18,2,1,1,120,6,0,0,0
DB00509,Dextrothyroxine,DOID:8778,Crohn's disease,0,8,8,1,11,120,6,6,0,0
DB00550,Propylthiouracil,DOID:8778,Crohn's disease,0,4,11,1,8,120,6,0,1,1
DB00572,Atropine,DOID:8778,Crohn's disease,0,6,2,0,0,120,6,0,0,0
DB00575,Clonidine,DOID:8778,Crohn's disease,0,18,12,2,2,120,6,0,2,0
DB00625,Efavirenz,DOID:8778,Crohn's disease,0,6,5,1,2,120,6,0,0,3
DB00630,Alendronate,DOID:8778,Crohn's disease,0,5,6,2,16,120,6,0,0,0
DB00635,Prednisone,DOID:8778,Crohn's disease,1,7,2,15,5,120,6,0,1,0
DB00649,Stavudine,DOID:8778,Crohn's disease,0,2,10,1,6,120,6,3,0,0
DB00657,Mecamylamine,DOID:8778,Crohn's disease,0,3,6,1,9,120,6,0,0,0
DB00674,Galantamine,DOID:8778,Crohn's disease,0,21,2,1,3,120,6,0,0,0
DB00687,Fludrocortisone,DOID:8778,Crohn's disease,0,3,0,0,0,120,6,0,0,0
DB00701,Amprenavir,DOID:8778,Crohn's disease,0,9,0,1,0,120,6,0,0,0
DB00705,Delavirdine,DOID:8778,Crohn's disease,0,9,0,1,0,120,6,0,0,0
DB00709,Lamivudine,DOID:8778,Crohn's disease,0,19,4,2,0,120,6,0,0,0
DB00714,Apomorphine,DOID:8778,Crohn's disease,0,17,0,0,0,120,6,0,0,0
DB00734,Risperidone,DOID:8778,Crohn's disease,0,25,1,0,1,120,6,0,0,0
DB00736,Esomeprazole,DOID:8778,Crohn's disease,0,4,2,1,1,120,6,0,0,0
DB00745,Modafinil,DOID:8778,Crohn's disease,0,8,6,0,3,120,6,0,0,0
DB00747,Scopolamine,DOID:8778,Crohn's disease,0,7,0,0,1,120,6,0,0,0
DB00763,Methimazole,DOID:8778,Crohn's disease,0,9,3,1,2,120,6,0,0,0
DB00787,Aciclovir,DOID:8778,Crohn's disease,0,6,43,0,31,120,6,1,0,9
DB00795,Sulfasalazine,DOID:8778,Crohn's disease,1,15,4,4,2,120,6,0,1,1
DB00810,Biperiden,DOID:8778,Crohn's disease,0,5,62,0,62,120,6,9,0,13
DB00843,Donepezil,DOID:8778,Crohn's disease,0,7,11,1,9,120,6,1,0,4
DB00850,Perphenazine,DOID:8778,Crohn's disease,0,21,15,0,39,120,6,0,0,1
DB00884,Risedronate,DOID:8778,Crohn's disease,0,2,0,2,0,120,6,0,1,0
DB00900,Didanosine,DOID:8778,Crohn's disease,0,4,1,1,8,120,6,0,0,1
DB00915,Amantadine,DOID:8778,Crohn's disease,0,14,2,0,3,120,6,0,0,0
DB00916,Metronidazole,DOID:8778,Crohn's disease,0,3,0,0,1,120,6,0,0,0
DB00945,Acetylsalicylic acid,DOID:8778,Crohn's disease,0,16,1,2,1,120,6,0,2,0
DB00980,Ramelteon,DOID:8778,Crohn's disease,0,5,0,0,0,120,6,0,0,0
DB00985,Dimenhydrinate,DOID:8778,Crohn's disease,0,2,0,2,0,120,6,0,0,0
DB00989,Rivastigmine,DOID:8778,Crohn's disease,0,4,8,1,7,120,6,0,0,0
DB00993,Azathioprine,DOID:8778,Crohn's disease,1,6,13,6,9,120,6,1,0,0
DB00996,Gabapentin,DOID:8778,Crohn's disease,0,5,7,2,6,120,6,0,0,0
DB01014,Balsalazide,DOID:8778,Crohn's disease,1,4,26,2,5,120,6,1,1,0
DB01033,Mercaptopurine,DOID:8778,Crohn's disease,1,12,0,3,0,120,6,0,0,0
DB01037,Selegiline,DOID:8778,Crohn's disease,0,12,0,0,0,120,6,0,0,0
DB01043,Memantine,DOID:8778,Crohn's disease,0,10,1,1,5,120,6,0,0,4
DB01048,Abacavir,DOID:8778,Crohn's disease,0,3,0,1,0,120,6,0,0,0
DB01068,Clonazepam,DOID:8778,Crohn's disease,0,9,0,1,0,120,6,0,1,0
DB01075,Diphenhydramine,DOID:8778,Crohn's disease,0,12,0,2,0,120,6,0,1,0
DB01077,Etidronic acid,DOID:8778,Crohn's disease,0,2,10,2,7,120,6,0,0,2
DB01100,Pimozide,DOID:8778,Crohn's disease,0,23,22,0,43,120,6,12,0,0
DB01104,Sertraline,DOID:8778,Crohn's disease,0,13,21,0,42,120,6,1,0,3
DB01133,Tiludronate,DOID:8778,Crohn's disease,0,2,0,1,0,120,6,0,0,0
DB01175,Escitalopram,DOID:8778,Crohn's disease,0,10,8,0,2,120,6,0,0,0
DB01186,Pergolide,DOID:8778,Crohn's disease,0,20,2,0,0,120,6,0,0,0
DB01200,Bromocriptine,DOID:8778,Crohn's disease,0,23,9,1,15,120,6,1,0,0
DB01224,Quetiapine,DOID:8778,Crohn's disease,0,34,23,0,16,120,6,9,0,0
DB01232,Saquinavir,DOID:8778,Crohn's disease,0,18,2,1,4,120,6,0,1,0
DB01235,L-DOPA,DOID:8778,Crohn's disease,0,12,5,0,5,120,6,0,0,0
DB01367,Rasagiline,DOID:8778,Crohn's disease,0,3,0,0,0,120,6,0,0,0
DB01583,Liotrix,DOID:8778,Crohn's disease,0,17,3,1,3,120,6,0,1,0
DB01601,Lopinavir,DOID:8778,Crohn's disease,0,7,1,1,3,120,6,0,0,0
DB05271,Rotigotine,DOID:8778,Crohn's disease,0,10,0,0,0,120,6,0,0,0
DB00158,Folic Acid,DOID:10652,Alzheimer's disease,0,12,0,0,0,196,4,0,1,0
DB00163,Vitamin E,DOID:10652,Alzheimer's disease,0,19,6,0,1,196,4,0,2,0
DB00190,Carbidopa,DOID:10652,Alzheimer's disease,0,1,16,0,6,196,4,1,0,0
DB00215,Citalopram,DOID:10652,Alzheimer's disease,0,14,8,1,2,196,4,2,2,0
DB00220,Nelfinavir,DOID:10652,Alzheimer's disease,0,14,5,1,42,196,4,0,1,7
DB00224,Indinavir,DOID:10652,Alzheimer's disease,0,13,18,1,3,196,4,1,1,0
DB00238,Nevirapine,DOID:10652,Alzheimer's disease,0,7,0,1,0,196,4,0,1,0
DB00244,Mesalazine,DOID:10652,Alzheimer's disease,0,7,27,2,10,196,4,8,4,15
DB00245,Benzatropine,DOID:10652,Alzheimer's disease,0,6,1,0,1,196,4,0,1,0
DB00246,Ziprasidone,DOID:10652,Alzheimer's disease,0,34,1,0,0,196,4,0,4,0
DB00248,Cabergoline,DOID:10652,Alzheimer's disease,0,21,6,0,2,196,4,0,1,3
DB00268,Ropinirole,DOID:10652,Alzheimer's disease,0,17,9,0,7,196,4,0,2,1
DB00279,Liothyronine,DOID:10652,Alzheimer's disease,0,16,0,1,2,196,4,0,1,1
DB00282,Pamidronate,DOID:10652,Alzheimer's disease,0,1,0,2,0,196,4,0,0,0
DB00313,Valproic Acid,DOID:10652,Alzheimer's disease,0,29,0,2,0,196,4,0,1,0
DB00323,Tolcapone,DOID:10652,Alzheimer's disease,0,2,2,0,0,196,4,0,0,0
DB00334,Olanzapine,DOID:10652,Alzheimer's disease,0,39,4,0,7,196,4,0,3,4
DB00338,Omeprazole,DOID:10652,Alzheimer's disease,0,15,2,1,1,196,4,0,1,0
DB00376,Trihexyphenidyl,DOID:10652,Alzheimer's disease,0,5,0,0,0,196,4,0,0,0
DB00387,Procyclidine,DOID:10652,Alzheimer's disease,0,4,6,0,2,196,4,1,0,3
DB00399,Zoledronate,DOID:10652,Alzheimer's disease,0,6,0,2,0,196,4,0,0,0
DB00413,Pramipexole,DOID:10652,Alzheimer's disease,0,16,0,0,0,196,4,0,1,0
DB00424,Hyoscyamine,DOID:10652,Alzheimer's disease,0,4,2,1,0,196,4,0,0,0
DB00425,Zolpidem,DOID:10652,Alzheimer's disease,0,15,0,0,0,196,4,0,2,0
DB00451,Levothyroxine,DOID:10652,Alzheimer's disease,0,16,8,1,11,196,4,14,1,0
DB00494,Entacapone,DOID:10652,Alzheimer's disease,0,2,4,0,5,196,4,0,0,0
DB00495,Zidovudine,DOID:10652,Alzheimer's disease,0,20,9,1,1,196,4,0,0,0
DB00502,Haloperidol,DOID:10652,Alzheimer's disease,0,26,1,0,0,196,4,0,3,0
DB00503,Ritonavir,DOID:10652,Alzheimer's disease,0,18,2,1,1,196,4,0,1,0
DB00509,Dextrothyroxine,DOID:10652,Alzheimer's disease,0,8,8,1,11,196,4,14,0,0
DB00550,Propylthiouracil,DOID:10652,Alzheimer's disease,0,4,11,1,8,196,4,0,1,3
DB00572,Atropine,DOID:10652,Alzheimer's disease,0,6,2,0,0,196,4,0,0,0
DB00575,Clonidine,DOID:10652,Alzheimer's disease,0,18,12,2,2,196,4,0,1,0
DB00625,Efavirenz,DOID:10652,Alzheimer's disease,0,6,5,1,2,196,4,0,1,7
DB00630,Alendronate,DOID:10652,Alzheimer's disease,0,5,6,2,16,196,4,0,0,6
DB00635,Prednisone,DOID:10652,Alzheimer's disease,0,7,2,15,5,196,4,0,0,0
DB00649,Stavudine,DOID:10652,Alzheimer's disease,0,2,10,1,6,196,4,7,0,0
DB00657,Mecamylamine,DOID:10652,Alzheimer's disease,0,3,6,1,9,196,4,0,0,0
DB00674,Galantamine,DOID:10652,Alzheimer's disease,1,21,2,1,3,196,4,0,6,0
DB00687,Fludrocortisone,DOID:10652,Alzheimer's disease,0,3,0,0,0,196,4,0,0,0
DB00701,Amprenavir,DOID:10652,Alzheimer's disease,0,9,0,1,0,196,4,0,1,0
DB00705,Delavirdine,DOID:10652,Alzheimer's disease,0,9,0,1,0,196,4,0,1,0
DB00709,Lamivudine,DOID:10652,Alzheimer's disease,0,19,4,2,0,196,4,0,0,0
DB00714,Apomorphine,DOID:10652,Alzheimer's disease,0,17,0,0,0,196,4,0,1,0
DB00734,Risperidone,DOID:10652,Alzheimer's disease,0,25,1,0,1,196,4,0,2,0
DB00736,Esomeprazole,DOID:10652,Alzheimer's disease,0,4,2,1,1,196,4,0,0,0
DB00745,Modafinil,DOID:10652,Alzheimer's disease,0,8,6,0,3,196,4,0,0,0
DB00747,Scopolamine,DOID:10652,Alzheimer's disease,0,7,0,0,1,196,4,0,0,0
DB00763,Methimazole,DOID:10652,Alzheimer's disease,0,9,3,1,2,196,4,0,1,0
DB00787,Aciclovir,DOID:10652,Alzheimer's disease,0,6,43,0,31,196,4,1,0,10
DB00795,Sulfasalazine,DOID:10652,Alzheimer's disease,0,15,4,4,2,196,4,0,3,3
DB00810,Biperiden,DOID:10652,Alzheimer's disease,0,5,62,0,62,196,4,21,1,22
DB00843,Donepezil,DOID:10652,Alzheimer's disease,1,7,11,1,9,196,4,2,3,4
DB00850,Perphenazine,DOID:10652,Alzheimer's disease,0,21,15,0,39,196,4,0,4,9
DB00884,Risedronate,DOID:10652,Alzheimer's disease,0,2,0,2,0,196,4,0,1,0
DB00900,Didanosine,DOID:10652,Alzheimer's disease,0,4,1,1,8,196,4,0,0,8
DB00915,Amantadine,DOID:10652,Alzheimer's disease,0,14,2,0,3,196,4,0,2,0
DB00916,Metronidazole,DOID:10652,Alzheimer's disease,0,3,0,0,1,196,4,0,0,0
DB00945,Acetylsalicylic acid,DOID:10652,Alzheimer's disease,0,16,1,2,1,196,4,0,3,0
DB00980,Ramelteon,DOID:10652,Alzheimer's disease,0,5,0,0,0,196,4,0,0,0
DB00985,Dimenhydrinate,DOID:10652,Alzheimer's disease,0,2,0,2,0,196,4,0,0,0
DB00989,Rivastigmine,DOID:10652,Alzheimer's disease,1,4,8,1,7,196,4,0,3,0
DB00993,Azathioprine,DOID:10652,Alzheimer's disease,0,6,13,6,9,196,4,2,0,0
DB00996,Gabapentin,DOID:10652,Alzheimer's disease,0,5,7,2,6,196,4,0,0,0
DB01014,Balsalazide,DOID:10652,Alzheimer's disease,0,4,26,2,5,196,4,4,3,0
DB01033,Mercaptopurine,DOID:10652,Alzheimer's disease,0,12,0,3,0,196,4,0,0,0
DB01037,Selegiline,DOID:10652,Alzheimer's disease,0,12,0,0,0,196,4,0,2,0
DB01043,Memantine,DOID:10652,Alzheimer's disease,1,10,1,1,5,196,4,0,1,4
DB01048,Abacavir,DOID:10652,Alzheimer's disease,0,3,0,1,0,196,4,0,0,0
DB01068,Clonazepam,DOID:10652,Alzheimer's disease,0,9,0,1,0,196,4,0,0,0
DB01075,Diphenhydramine,DOID:10652,Alzheimer's disease,0,12,0,2,0,196,4,0,2,0
DB01077,Etidronic acid,DOID:10652,Alzheimer's disease,0,2,10,2,7,196,4,0,0,5
DB01100,Pimozide,DOID:10652,Alzheimer's disease,0,23,22,0,43,196,4,23,4,4
DB01104,Sertraline,DOID:10652,Alzheimer's disease,0,13,21,0,42,196,4,2,3,15
DB01133,Tiludronate,DOID:10652,Alzheimer's disease,0,2,0,1,0,196,4,0,0,0
DB01175,Escitalopram,DOID:10652,Alzheimer's disease,0,10,8,0,2,196,4,2,2,0
DB01186,Pergolide,DOID:10652,Alzheimer's disease,0,20,2,0,0,196,4,0,2,0
DB01200,Bromocriptine,DOID:10652,Alzheimer's disease,0,23,9,1,15,196,4,2,2,3
DB01224,Quetiapine,DOID:10652,Alzheimer's disease,0,34,23,0,16,196,4,13,3,0
DB01232,Saquinavir,DOID:10652,Alzheimer's disease,0,18,2,1,4,196,4,0,1,0
DB01235,L-DOPA,DOID:10652,Alzheimer's disease,0,12,5,0,5,196,4,0,1,0
DB01367,Rasagiline,DOID:10652,Alzheimer's disease,0,3,0,0,0,196,4,0,2,0
DB01583,Liotrix,DOID:10652,Alzheimer's disease,0,17,3,1,3,196,4,0,1,1
DB01601,Lopinavir,DOID:10652,Alzheimer's disease,0,7,1,1,3,196,4,0,1,0
DB05271,Rotigotine,DOID:10652,Alzheimer's disease,0,10,0,0,0,196,4,0,1,0
DB00158,Folic Acid,DOID:12361,Graves' disease,0,12,0,0,0,34,2,0,0,0
DB00163,Vitamin E,DOID:12361,Graves' disease,0,19,6,0,1,34,2,0,0,0
DB00190,Carbidopa,DOID:12361,Graves' disease,0,1,16,0,6,34,2,0,0,0
DB00215,Citalopram,DOID:12361,Graves' disease,0,14,8,1,2,34,2,0,0,0
DB00220,Nelfinavir,DOID:12361,Graves' disease,0,14,5,1,42,34,2,0,0,0
DB00224,Indinavir,DOID:12361,Graves' disease,0,13,18,1,3,34,2,0,0,0
DB00238,Nevirapine,DOID:12361,Graves' disease,0,7,0,1,0,34,2,0,0,0
DB00244,Mesalazine,DOID:12361,Graves' disease,0,7,27,2,10,34,2,1,0,2
DB00245,Benzatropine,DOID:12361,Graves' disease,0,6,1,0,1,34,2,0,0,0
DB00246,Ziprasidone,DOID:12361,Graves' disease,0,34,1,0,0,34,2,0,0,0
DB00248,Cabergoline,DOID:12361,Graves' disease,0,21,6,0,2,34,2,0,0,0
DB00268,Ropinirole,DOID:12361,Graves' disease,0,17,9,0,7,34,2,0,0,0
DB00279,Liothyronine,DOID:12361,Graves' disease,0,16,0,1,2,34,2,0,1,0
DB00282,Pamidronate,DOID:12361,Graves' disease,0,1,0,2,0,34,2,0,0,0
DB00313,Valproic Acid,DOID:12361,Graves' disease,0,29,0,2,0,34,2,0,0,0
DB00323,Tolcapone,DOID:12361,Graves' disease,0,2,2,0,0,34,2,0,0,0
DB00334,Olanzapine,DOID:12361,Graves' disease,0,39,4,0,7,34,2,0,0,0
DB00338,Omeprazole,DOID:12361,Graves' disease,0,15,2,1,1,34,2,0,0,0
DB00376,Trihexyphenidyl,DOID:12361,Graves' disease,0,5,0,0,0,34,2,0,0,0
DB00387,Procyclidine,DOID:12361,Graves' disease,0,4,6,0,2,34,2,0,0,0
DB00399,Zoledronate,DOID:12361,Graves' disease,0,6,0,2,0,34,2,0,0,0
DB00413,Pramipexole,DOID:12361,Graves' disease,0,16,0,0,0,34,2,0,0,0
DB00424,Hyoscyamine,DOID:12361,Graves' disease,0,4,2,1,0,34,2,0,0,0
DB00425,Zolpidem,DOID:12361,Graves' disease,0,15,0,0,0,34,2,0,1,0
DB00451,Levothyroxine,DOID:12361,Graves' disease,0,16,8,1,11,34,2,1,1,0
DB00494,Entacapone,DOID:12361,Graves' disease,0,2,4,0,5,34,2,0,0,0
DB00495,Zidovudine,DOID:12361,Graves' disease,0,20,9,1,1,34,2,0,0,0
DB00502,Haloperidol,DOID:12361,Graves' disease,0,26,1,0,0,34,2,0,0,0
DB00503,Ritonavir,DOID:12361,Graves' disease,0,18,2,1,1,34,2,0,0,0
DB00509,Dextrothyroxine,DOID:12361,Graves' disease,0,8,8,1,11,34,2,1,0,0
DB00550,Propylthiouracil,DOID:12361,Graves' disease,1,4,11,1,8,34,2,0,0,0
DB00572,Atropine,DOID:12361,Graves' disease,0,6,2,0,0,34,2,0,0,0
DB00575,Clonidine,DOID:12361,Graves' disease,0,18,12,2,2,34,2,0,0,0
DB00625,Efavirenz,DOID:12361,Graves' disease,0,6,5,1,2,34,2,0,0,0
DB00630,Alendronate,DOID:12361,Graves' disease,0,5,6,2,16,34,2,0,0,1
DB00635,Prednisone,DOID:12361,Graves' disease,0,7,2,15,5,34,2,0,0,0
DB00649,Stavudine,DOID:12361,Graves' disease,0,2,10,1,6,34,2,1,0,0
DB00657,Mecamylamine,DOID:12361,Graves' disease,0,3,6,1,9,34,2,0,0,0
DB00674,Galantamine,DOID:12361,Graves' disease,0,21,2,1,3,34,2,0,0,0
DB00687,Fludrocortisone,DOID:12361,Graves' disease,0,3,0,0,0,34,2,0,0,0
DB00701,Amprenavir,DOID:12361,Graves' disease,0,9,0,1,0,34,2,0,0,0
DB00705,Delavirdine,DOID:12361,Graves' disease,0,9,0,1,0,34,2,0,0,0
DB00709,Lamivudine,DOID:12361,Graves' disease,0,19,4,2,0,34,2,0,0,0
DB00714,Apomorphine,DOID:12361,Graves' disease,0,17,0,0,0,34,2,0,0,0
DB00734,Risperidone,DOID:12361,Graves' disease,0,25,1,0,1,34,2,0,0,0
DB00736,Esomeprazole,DOID:12361,Graves' disease,0,4,2,1,1,34,2,0,0,0
DB00745,Modafinil,DOID:12361,Graves' disease,0,8,6,0,3,34,2,0,0,0
DB00747,Scopolamine,DOID:12361,Graves' disease,0,7,0,0,1,34,2,0,0,0
DB00763,Methimazole,DOID:12361,Graves' disease,1,9,3,1,2,34,2,0,0,0
DB00787,Aciclovir,DOID:12361,Graves' disease,0,6,43,0,31,34,2,0,0,1
DB00795,Sulfasalazine,DOID:12361,Graves' disease,0,15,4,4,2,34,2,0,0,0
DB00810,Biperiden,DOID:12361,Graves' disease,0,5,62,0,62,34,2,3,0,2
DB00843,Donepezil,DOID:12361,Graves' disease,0,7,11,1,9,34,2,0,0,0
DB00850,Perphenazine,DOID:12361,Graves' disease,0,21,15,0,39,34,2,0,0,2
DB00884,Risedronate,DOID:12361,Graves' disease,0,2,0,2,0,34,2,0,0,0
DB00900,Didanosine,DOID:12361,Graves' disease,0,4,1,1,8,34,2,0,0,0
DB00915,Amantadine,DOID:12361,Graves' disease,0,14,2,0,3,34,2,0,0,0
DB00916,Metronidazole,DOID:12361,Graves' disease,0,3,0,0,1,34,2,0,0,0
DB00945,Acetylsalicylic acid,DOID:12361,Graves' disease,0,16,1,2,1,34,2,0,0,0
DB00980,Ramelteon,DOID:12361,Graves' disease,0,5,0,0,0,34,2,0,0,0
DB00985,Dimenhydrinate,DOID:12361,Graves' disease,0,2,0,2,0,34,2,0,0,0
DB00989,Rivastigmine,DOID:12361,Graves' disease,0,4,8,1,7,34,2,0,0,0
DB00993,Azathioprine,DOID:12361,Graves' disease,0,6,13,6,9,34,2,1,0,0
DB00996,Gabapentin,DOID:12361,Graves' disease,0,5,7,2,6,34,2,0,0,0
DB01014,Balsalazide,DOID:12361,Graves' disease,0,4,26,2,5,34,2,1,0,0
DB01033,Mercaptopurine,DOID:12361,Graves' disease,0,12,0,3,0,34,2,0,0,0
DB01037,Selegiline,DOID:12361,Graves' disease,0,12,0,0,0,34,2,0,0,0
DB01043,Memantine,DOID:12361,Graves' disease,0,10,1,1,5,34,2,0,0,0
DB01048,Abacavir,DOID:12361,Graves' disease,0,3,0,1,0,34,2,0,0,0
DB01068,Clonazepam,DOID:12361,Graves' disease,0,9,0,1,0,34,2,0,1,0
DB01075,Diphenhydramine,DOID:12361,Graves' disease,0,12,0,2,0,34,2,0,0,0
DB01077,Etidronic acid,DOID:12361,Graves' disease,0,2,10,2,7,34,2,0,0,0
DB01100,Pimozide,DOID:12361,Graves' disease,0,23,22,0,43,34,2,4,0,0
DB01104,Sertraline,DOID:12361,Graves' disease,0,13,21,0,42,34,2,1,0,3
DB01133,Tiludronate,DOID:12361,Graves' disease,0,2,0,1,0,34,2,0,0,0
DB01175,Escitalopram,DOID:12361,Graves' disease,0,10,8,0,2,34,2,0,0,0
DB01186,Pergolide,DOID:12361,Graves' disease,0,20,2,0,0,34,2,0,0,0
DB01200,Bromocriptine,DOID:12361,Graves' disease,0,23,9,1,15,34,2,1,0,0
DB01224,Quetiapine,DOID:12361,Graves' disease,0,34,23,0,16,34,2,1,0,0
DB01232,Saquinavir,DOID:12361,Graves' disease,0,18,2,1,4,34,2,0,0,0
DB01235,L-DOPA,DOID:12361,Graves' disease,0,12,5,0,5,34,2,0,0,0
DB01367,Rasagiline,DOID:12361,Graves' disease,0,3,0,0,0,34,2,0,0,0
DB01583,Liotrix,DOID:12361,Graves' disease,0,17,3,1,3,34,2,0,1,0
DB01601,Lopinavir,DOID:12361,Graves' disease,0,7,1,1,3,34,2,0,0,0
DB05271,Rotigotine,DOID:12361,Graves' disease,0,10,0,0,0,34,2,0,0,0
DB00158,Folic Acid,DOID:14330,Parkinson's disease,0,12,0,0,0,143,0,0,2,0
DB00163,Vitamin E,DOID:14330,Parkinson's disease,0,19,6,0,1,143,0,0,4,0
DB00190,Carbidopa,DOID:14330,Parkinson's disease,0,1,16,0,6,143,0,0,1,0
DB00215,Citalopram,DOID:14330,Parkinson's disease,0,14,8,1,2,143,0,0,4,0
DB00220,Nelfinavir,DOID:14330,Parkinson's disease,0,14,5,1,42,143,0,0,2,8
DB00224,Indinavir,DOID:14330,Parkinson's disease,0,13,18,1,3,143,0,0,2,0
DB00238,Nevirapine,DOID:14330,Parkinson's disease,0,7,0,1,0,143,0,0,1,0
DB00244,Mesalazine,DOID:14330,Parkinson's disease,0,7,27,2,10,143,0,2,0,9
DB00245,Benzatropine,DOID:14330,Parkinson's disease,0,6,1,0,1,143,0,0,2,0
DB00246,Ziprasidone,DOID:14330,Parkinson's disease,0,34,1,0,0,143,0,0,7,0
DB00248,Cabergoline,DOID:14330,Parkinson's disease,0,21,6,0,2,143,0,0,6,1
DB00268,Ropinirole,DOID:14330,Parkinson's disease,0,17,9,0,7,143,0,0,6,0
DB00279,Liothyronine,DOID:14330,Parkinson's disease,0,16,0,1,2,143,0,0,1,0
DB00282,Pamidronate,DOID:14330,Parkinson's disease,0,1,0,2,0,143,0,0,0,0
DB00313,Valproic Acid,DOID:14330,Parkinson's disease,0,29,0,2,0,143,0,0,0,0
DB00323,Tolcapone,DOID:14330,Parkinson's disease,0,2,2,0,0,143,0,0,1,0
DB00334,Olanzapine,DOID:14330,Parkinson's disease,0,39,4,0,7,143,0,0,8,0
DB00338,Omeprazole,DOID:14330,Parkinson's disease,0,15,2,1,1,143,0,0,2,0
DB00376,Trihexyphenidyl,DOID:14330,Parkinson's disease,0,5,0,0,0,143,0,0,0,0
DB00387,Procyclidine,DOID:14330,Parkinson's disease,0,4,6,0,2,143,0,2,0,0
DB00399,Zoledronate,DOID:14330,Parkinson's disease,0,6,0,2,0,143,0,0,0,0
DB00413,Pramipexole,DOID:14330,Parkinson's disease,0,16,0,0,0,143,0,0,5,0
DB00424,Hyoscyamine,DOID:14330,Parkinson's disease,0,4,2,1,0,143,0,0,0,0
DB00425,Zolpidem,DOID:14330,Parkinson's disease,0,15,0,0,0,143,0,0,1,0
DB00451,Levothyroxine,DOID:14330,Parkinson's disease,0,16,8,1,11,143,0,8,1,0
DB00494,Entacapone,DOID:14330,Parkinson's disease,0,2,4,0,5,143,0,0,1,0
DB00495,Zidovudine,DOID:14330,Parkinson's disease,0,20,9,1,1,143,0,0,1,0
DB00502,Haloperidol,DOID:14330,Parkinson's disease,0,26,1,0,0,143,0,0,7,0
DB00503,Ritonavir,DOID:14330,Parkinson's disease,0,18,2,1,1,143,0,0,3,0
DB00509,Dextrothyroxine,DOID:14330,Parkinson's disease,0,8,8,1,11,143,0,8,0,0
DB00550,Propylthiouracil,DOID:14330,Parkinson's disease,0,4,11,1,8,143,0,0,1,0
DB00572,Atropine,DOID:14330,Parkinson's disease,0,6,2,0,0,143,0,0,0,0
DB00575,Clonidine,DOID:14330,Parkinson's disease,0,18,12,2,2,143,0,0,2,0
DB00625,Efavirenz,DOID:14330,Parkinson's disease,0,6,5,1,2,143,0,0,1,4
DB00630,Alendronate,DOID:14330,Parkinson's disease,0,5,6,2,16,143,0,0,0,4
DB00635,Prednisone,DOID:14330,Parkinson's disease,0,7,2,15,5,143,0,0,1,0
DB00649,Stavudine,DOID:14330,Parkinson's disease,0,2,10,1,6,143,0,2,0,0
DB00657,Mecamylamine,DOID:14330,Parkinson's disease,0,3,6,1,9,143,0,0,0,0
DB00674,Galantamine,DOID:14330,Parkinson's disease,0,21,2,1,3,143,0,0,2,0
DB00687,Fludrocortisone,DOID:14330,Parkinson's disease,0,3,0,0,0,143,0,0,0,0
DB00701,Amprenavir,DOID:14330,Parkinson's disease,0,9,0,1,0,143,0,0,2,0
DB00705,Delavirdine,DOID:14330,Parkinson's disease,0,9,0,1,0,143,0,0,1,0
DB00709,Lamivudine,DOID:14330,Parkinson's disease,0,19,4,2,0,143,0,0,1,0
DB00714,Apomorphine,DOID:14330,Parkinson's disease,0,17,0,0,0,143,0,0,5,0
DB00734,Risperidone,DOID:14330,Parkinson's disease,0,25,1,0,1,143,0,0,8,0
DB00736,Esomeprazole,DOID:14330,Parkinson's disease,0,4,2,1,1,143,0,0,0,0
DB00745,Modafinil,DOID:14330,Parkinson's disease,0,8,6,0,3,143,0,0,1,0
DB00747,Scopolamine,DOID:14330,Parkinson's disease,0,7,0,0,1,143,0,0,1,0
DB00763,Methimazole,DOID:14330,Parkinson's disease,0,9,3,1,2,143,0,0,2,0
DB00787,Aciclovir,DOID:14330,Parkinson's disease,0,6,43,0,31,143,0,0,0,8
DB00795,Sulfasalazine,DOID:14330,Parkinson's disease,0,15,4,4,2,143,0,0,0,0
DB00810,Biperiden,DOID:14330,Parkinson's disease,0,5,62,0,62,143,0,17,2,15
DB00843,Donepezil,DOID:14330,Parkinson's disease,0,7,11,1,9,143,0,0,2,6
DB00850,Perphenazine,DOID:14330,Parkinson's disease,0,21,15,0,39,143,0,0,6,3
DB00884,Risedronate,DOID:14330,Parkinson's disease,0,2,0,2,0,143,0,0,0,0
DB00900,Didanosine,DOID:14330,Parkinson's disease,0,4,1,1,8,143,0,0,0,0
DB00915,Amantadine,DOID:14330,Parkinson's disease,0,14,2,0,3,143,0,0,5,0
DB00916,Metronidazole,DOID:14330,Parkinson's disease,0,3,0,0,1,143,0,0,0,0
DB00945,Acetylsalicylic acid,DOID:14330,Parkinson's disease,0,16,1,2,1,143,0,0,1,0
DB00980,Ramelteon,DOID:14330,Parkinson's disease,0,5,0,0,0,143,0,0,0,0
DB00985,Dimenhydrinate,DOID:14330,Parkinson's disease,0,2,0,2,0,143,0,0,0,0
DB00989,Rivastigmine,DOID:14330,Parkinson's disease,0,4,8,1,7,143,0,0,1,0
DB00993,Azathioprine,DOID:14330,Parkinson's disease,0,6,13,6,9,143,0,2,1,0
DB00996,Gabapentin,DOID:14330,Parkinson's disease,0,5,7,2,6,143,0,0,0,0
DB01014,Balsalazide,DOID:14330,Parkinson's disease,0,4,26,2,5,143,0,0,0,0
DB01033,Mercaptopurine,DOID:14330,Parkinson's disease,0,12,0,3,0,143,0,0,0,0
DB01037,Selegiline,DOID:14330,Parkinson's disease,0,12,0,0,0,143,0,0,5,0
DB01043,Memantine,DOID:14330,Parkinson's disease,0,10,1,1,5,143,0,0,2,6
DB01048,Abacavir,DOID:14330,Parkinson's disease,0,3,0,1,0,143,0,0,0,0
DB01068,Clonazepam,DOID:14330,Parkinson's disease,0,9,0,1,0,143,0,0,1,0
DB01075,Diphenhydramine,DOID:14330,Parkinson's disease,0,12,0,2,0,143,0,0,1,0
DB01077,Etidronic acid,DOID:14330,Parkinson's disease,0,2,10,2,7,143,0,0,0,0
DB01100,Pimozide,DOID:14330,Parkinson's disease,0,23,22,0,43,143,0,19,7,2
DB01104,Sertraline,DOID:14330,Parkinson's disease,0,13,21,0,42,143,0,2,5,4
DB01133,Tiludronate,DOID:14330,Parkinson's disease,0,2,0,1,0,143,0,0,0,0
DB01175,Escitalopram,DOID:14330,Parkinson's disease,0,10,8,0,2,143,0,0,2,0
DB01186,Pergolide,DOID:14330,Parkinson's disease,0,20,2,0,0,143,0,0,6,0
DB01200,Bromocriptine,DOID:14330,Parkinson's disease,0,23,9,1,15,143,0,2,7,2
DB01224,Quetiapine,DOID:14330,Parkinson's disease,0,34,23,0,16,143,0,11,8,0
DB01232,Saquinavir,DOID:14330,Parkinson's disease,0,18,2,1,4,143,0,0,2,0
DB01235,L-DOPA,DOID:14330,Parkinson's disease,0,12,5,0,5,143,0,0,5,0
DB01367,Rasagiline,DOID:14330,Parkinson's disease,0,3,0,0,0,143,0,0,1,0
DB01583,Liotrix,DOID:14330,Parkinson's disease,0,17,3,1,3,143,0,0,1,0
DB01601,Lopinavir,DOID:14330,Parkinson's disease,0,7,1,1,3,143,0,0,2,0
DB05271,Rotigotine,DOID:14330,Parkinson's disease,0,10,0,0,0,143,0,0,5,0
DB00158,Folic Acid,DOID:5408,Paget's disease of bone,0,12,0,0,0,16,6,0,0,0
DB00163,Vitamin E,DOID:5408,Paget's disease of bone,0,19,6,0,1,16,6,0,0,0
DB00190,Carbidopa,DOID:5408,Paget's disease of bone,0,1,16,0,6,16,6,0,0,0
DB00215,Citalopram,DOID:5408,Paget's disease of bone,0,14,8,1,2,16,6,0,0,0
DB00220,Nelfinavir,DOID:5408,Paget's disease of bone,0,14,5,1,42,16,6,0,0,1
DB00224,Indinavir,DOID:5408,Paget's disease of bone,0,13,18,1,3,16,6,0,0,0
DB00238,Nevirapine,DOID:5408,Paget's disease of bone,0,7,0,1,0,16,6,0,0,0
DB00244,Mesalazine,DOID:5408,Paget's disease of bone,0,7,27,2,10,16,6,1,0,1
DB00245,Benzatropine,DOID:5408,Paget's disease of bone,0,6,1,0,1,16,6,0,0,0
DB00246,Ziprasidone,DOID:5408,Paget's disease of bone,0,34,1,0,0,16,6,0,0,0
DB00248,Cabergoline,DOID:5408,Paget's disease of bone,0,21,6,0,2,16,6,0,0,0
DB00268,Ropinirole,DOID:5408,Paget's disease of bone,0,17,9,0,7,16,6,0,0,0
DB00279,Liothyronine,DOID:5408,Paget's disease of bone,0,16,0,1,2,16,6,0,0,0
DB00282,Pamidronate,DOID:5408,Paget's disease of bone,1,1,0,2,0,16,6,0,0,0
DB00313,Valproic Acid,DOID:5408,Paget's disease of bone,0,29,0,2,0,16,6,0,0,0
DB00323,Tolcapone,DOID:5408,Paget's disease of bone,0,2,2,0,0,16,6,0,0,0
DB00334,Olanzapine,DOID:5408,Paget's disease of bone,0,39,4,0,7,16,6,0,0,0
DB00338,Omeprazole,DOID:5408,Paget's disease of bone,0,15,2,1,1,16,6,0,0,0
DB00376,Trihexyphenidyl,DOID:5408,Paget's disease of bone,0,5,0,0,0,16,6,0,0,0
DB00387,Procyclidine,DOID:5408,Paget's disease of bone,0,4,6,0,2,16,6,0,0,0
DB00399,Zoledronate,DOID:5408,Paget's disease of bone,1,6,0,2,0,16,6,0,0,0
DB00413,Pramipexole,DOID:5408,Paget's disease of bone,0,16,0,0,0,16,6,0,0,0
DB00424,Hyoscyamine,DOID:5408,Paget's disease of bone,0,4,2,1,0,16,6,0,0,0
DB00425,Zolpidem,DOID:5408,Paget's disease of bone,0,15,0,0,0,16,6,0,0,0
DB00451,Levothyroxine,DOID:5408,Paget's disease of bone,0,16,8,1,11,16,6,0,0,0
DB00494,Entacapone,DOID:5408,Paget's disease of bone,0,2,4,0,5,16,6,0,0,0
DB00495,Zidovudine,DOID:5408,Paget's disease of bone,0,20,9,1,1,16,6,0,0,0
DB00502,Haloperidol,DOID:5408,Paget's disease of bone,0,26,1,0,0,16,6,0,0,0
DB00503,Ritonavir,DOID:5408,Paget's disease of bone,0,18,2,1,1,16,6,0,0,0
DB00509,Dextrothyroxine,DOID:5408,Paget's disease of bone,0,8,8,1,11,16,6,0,0,0
DB00550,Propylthiouracil,DOID:5408,Paget's disease of bone,0,4,11,1,8,16,6,0,0,0
DB00572,Atropine,DOID:5408,Paget's disease of bone,0,6,2,0,0,16,6,0,0,0
DB00575,Clonidine,DOID:5408,Paget's disease of bone,0,18,12,2,2,16,6,0,0,0
DB00625,Efavirenz,DOID:5408,Paget's disease of bone,0,6,5,1,2,16,6,0,0,0
DB00630,Alendronate,DOID:5408,Paget's disease of bone,1,5,6,2,16,16,6,0,0,1
DB00635,Prednisone,DOID:5408,Paget's disease of bone,0,7,2,15,5,16,6,0,0,0
DB00649,Stavudine,DOID:5408,Paget's disease of bone,0,2,10,1,6,16,6,1,0,0
DB00657,Mecamylamine,DOID:5408,Paget's disease of bone,0,3,6,1,9,16,6,0,0,0
DB00674,Galantamine,DOID:5408,Paget's disease of bone,0,21,2,1,3,16,6,0,0,0
DB00687,Fludrocortisone,DOID:5408,Paget's disease of bone,0,3,0,0,0,16,6,0,0,0
DB00701,Amprenavir,DOID:5408,Paget's disease of bone,0,9,0,1,0,16,6,0,0,0
DB00705,Delavirdine,DOID:5408,Paget's disease of bone,0,9,0,1,0,16,6,0,0,0
DB00709,Lamivudine,DOID:5408,Paget's disease of bone,0,19,4,2,0,16,6,0,0,0
DB00714,Apomorphine,DOID:5408,Paget's disease of bone,0,17,0,0,0,16,6,0,0,0
DB00734,Risperidone,DOID:5408,Paget's disease of bone,0,25,1,0,1,16,6,0,0,0
DB00736,Esomeprazole,DOID:5408,Paget's disease of bone,0,4,2,1,1,16,6,0,0,0
DB00745,Modafinil,DOID:5408,Paget's disease of bone,0,8,6,0,3,16,6,0,0,0
DB00747,Scopolamine,DOID:5408,Paget's disease of bone,0,7,0,0,1,16,6,0,0,0
DB00763,Methimazole,DOID:5408,Paget's disease of bone,0,9,3,1,2,16,6,0,0,0
DB00787,Aciclovir,DOID:5408,Paget's disease of bone,0,6,43,0,31,16,6,0,0,0
DB00795,Sulfasalazine,DOID:5408,Paget's disease of bone,0,15,4,4,2,16,6,0,0,0
DB00810,Biperiden,DOID:5408,Paget's disease of bone,0,5,62,0,62,16,6,1,0,2
DB00843,Donepezil,DOID:5408,Paget's disease of bone,0,7,11,1,9,16,6,0,0,1
DB00850,Perphenazine,DOID:5408,Paget's disease of bone,0,21,15,0,39,16,6,0,0,1
DB00884,Risedronate,DOID:5408,Paget's disease of bone,1,2,0,2,0,16,6,0,0,0
DB00900,Didanosine,DOID:5408,Paget's disease of bone,0,4,1,1,8,16,6,0,0,0
DB00915,Amantadine,DOID:5408,Paget's disease of bone,0,14,2,0,3,16,6,0,0,0
DB00916,Metronidazole,DOID:5408,Paget's disease of bone,0,3,0,0,1,16,6,0,0,0
DB00945,Acetylsalicylic acid,DOID:5408,Paget's disease of bone,0,16,1,2,1,16,6,0,0,0
DB00980,Ramelteon,DOID:5408,Paget's disease of bone,0,5,0,0,0,16,6,0,0,0
DB00985,Dimenhydrinate,DOID:5408,Paget's disease of bone,0,2,0,2,0,16,6,0,0,0
DB00989,Rivastigmine,DOID:5408,Paget's disease of bone,0,4,8,1,7,16,6,0,0,0
DB00993,Azathioprine,DOID:5408,Paget's disease of bone,0,6,13,6,9,16,6,0,0,0
DB00996,Gabapentin,DOID:5408,Paget's disease of bone,0,5,7,2,6,16,6,0,0,0
DB01014,Balsalazide,DOID:5408,Paget's disease of bone,0,4,26,2,5,16,6,0,0,0
DB01033,Mercaptopurine,DOID:5408,Paget's disease of bone,0,12,0,3,0,16,6,0,0,0
DB01037,Selegiline,DOID:5408,Paget's disease of bone,0,12,0,0,0,16,6,0,0,0
DB01043,Memantine,DOID:5408,Paget's disease of bone,0,10,1,1,5,16,6,0,0,1
DB01048,Abacavir,DOID:5408,Paget's disease of bone,0,3,0,1,0,16,6,0,0,0
DB01068,Clonazepam,DOID:5408,Paget's disease of bone,0,9,0,1,0,16,6,0,0,0
DB01075,Diphenhydramine,DOID:5408,Paget's disease of bone,0,12,0,2,0,16,6,0,0,0
DB01077,Etidronic acid,DOID:5408,Paget's disease of bone,1,2,10,2,7,16,6,0,0,0
DB01100,Pimozide,DOID:5408,Paget's disease of bone,0,23,22,0,43,16,6,2,0,0
DB01104,Sertraline,DOID:5408,Paget's disease of bone,0,13,21,0,42,16,6,0,0,2
DB01133,Tiludronate,DOID:5408,Paget's disease of bone,1,2,0,1,0,16,6,0,0,0
DB01175,Escitalopram,DOID:5408,Paget's disease of bone,0,10,8,0,2,16,6,0,0,0
DB01186,Pergolide,DOID:5408,Paget's disease of bone,0,20,2,0,0,16,6,0,0,0
DB01200,Bromocriptine,DOID:5408,Paget's disease of bone,0,23,9,1,15,16,6,0,0,0
DB01224,Quetiapine,DOID:5408,Paget's disease of bone,0,34,23,0,16,16,6,1,0,0
DB01232,Saquinavir,DOID:5408,Paget's disease of bone,0,18,2,1,4,16,6,0,0,0
DB01235,L-DOPA,DOID:5408,Paget's disease of bone,0,12,5,0,5,16,6,0,0,0
DB01367,Rasagiline,DOID:5408,Paget's disease of bone,0,3,0,0,0,16,6,0,0,0
DB01583,Liotrix,DOID:5408,Paget's disease of bone,0,17,3,1,3,16,6,0,0,0
DB01601,Lopinavir,DOID:5408,Paget's disease of bone,0,7,1,1,3,16,6,0,0,0
DB05271,Rotigotine,DOID:5408,Paget's disease of bone,0,10,0,0,0,16,6,0,0,0
DB00158,Folic Acid,DOID:13378,Kawasaki disease,0,12,0,0,0,14,1,0,0,0
DB00163,Vitamin E,DOID:13378,Kawasaki disease,0,19,6,0,1,14,1,0,0,0
DB00190,Carbidopa,DOID:13378,Kawasaki disease,0,1,16,0,6,14,1,0,0,0
DB00215,Citalopram,DOID:13378,Kawasaki disease,0,14,8,1,2,14,1,0,0,0
DB00220,Nelfinavir,DOID:13378,Kawasaki disease,0,14,5,1,42,14,1,0,0,0
DB00224,Indinavir,DOID:13378,Kawasaki disease,0,13,18,1,3,14,1,0,0,0
DB00238,Nevirapine,DOID:13378,Kawasaki disease,0,7,0,1,0,14,1,0,0,0
DB00244,Mesalazine,DOID:13378,Kawasaki disease,0,7,27,2,10,14,1,0,0,2
DB00245,Benzatropine,DOID:13378,Kawasaki disease,0,6,1,0,1,14,1,0,0,0
DB00246,Ziprasidone,DOID:13378,Kawasaki disease,0,34,1,0,0,14,1,0,0,0
DB00248,Cabergoline,DOID:13378,Kawasaki disease,0,21,6,0,2,14,1,0,0,0
DB00268,Ropinirole,DOID:13378,Kawasaki disease,0,17,9,0,7,14,1,0,0,0
DB00279,Liothyronine,DOID:13378,Kawasaki disease,0,16,0,1,2,14,1,0,0,0
DB00282,Pamidronate,DOID:13378,Kawasaki disease,0,1,0,2,0,14,1,0,0,0
DB00313,Valproic Acid,DOID:13378,Kawasaki disease,0,29,0,2,0,14,1,0,0,0
DB00323,Tolcapone,DOID:13378,Kawasaki disease,0,2,2,0,0,14,1,0,0,0
DB00334,Olanzapine,DOID:13378,Kawasaki disease,0,39,4,0,7,14,1,0,0,0
DB00338,Omeprazole,DOID:13378,Kawasaki disease,0,15,2,1,1,14,1,0,0,0
DB00376,Trihexyphenidyl,DOID:13378,Kawasaki disease,0,5,0,0,0,14,1,0,0,0
DB00387,Procyclidine,DOID:13378,Kawasaki disease,0,4,6,0,2,14,1,0,0,0
DB00399,Zoledronate,DOID:13378,Kawasaki disease,0,6,0,2,0,14,1,0,0,0
DB00413,Pramipexole,DOID:13378,Kawasaki disease,0,16,0,0,0,14,1,0,0,0
DB00424,Hyoscyamine,DOID:13378,Kawasaki disease,0,4,2,1,0,14,1,0,0,0
DB00425,Zolpidem,DOID:13378,Kawasaki disease,0,15,0,0,0,14,1,0,0,0
DB00451,Levothyroxine,DOID:13378,Kawasaki disease,0,16,8,1,11,14,1,1,0,0
DB00494,Entacapone,DOID:13378,Kawasaki disease,0,2,4,0,5,14,1,0,0,0
DB00495,Zidovudine,DOID:13378,Kawasaki disease,0,20,9,1,1,14,1,0,0,0
DB00502,Haloperidol,DOID:13378,Kawasaki disease,0,26,1,0,0,14,1,0,0,0
DB00503,Ritonavir,DOID:13378,Kawasaki disease,0,18,2,1,1,14,1,0,0,0
DB00509,Dextrothyroxine,DOID:13378,Kawasaki disease,0,8,8,1,11,14,1,1,0,0
DB00550,Propylthiouracil,DOID:13378,Kawasaki disease,0,4,11,1,8,14,1,0,0,0
DB00572,Atropine,DOID:13378,Kawasaki disease,0,6,2,0,0,14,1,0,0,0
DB00575,Clonidine,DOID:13378,Kawasaki disease,0,18,12,2,2,14,1,0,0,0
DB00625,Efavirenz,DOID:13378,Kawasaki disease,0,6,5,1,2,14,1,0,0,0
DB00630,Alendronate,DOID:13378,Kawasaki disease,0,5,6,2,16,14,1,0,0,0
DB00635,Prednisone,DOID:13378,Kawasaki disease,0,7,2,15,5,14,1,0,0,0
DB00649,Stavudine,DOID:13378,Kawasaki disease,0,2,10,1,6,14,1,0,0,0
DB00657,Mecamylamine,DOID:13378,Kawasaki disease,0,3,6,1,9,14,1,0,0,0
DB00674,Galantamine,DOID:13378,Kawasaki disease,0,21,2,1,3,14,1,0,0,0
DB00687,Fludrocortisone,DOID:13378,Kawasaki disease,0,3,0,0,0,14,1,0,0,0
DB00701,Amprenavir,DOID:13378,Kawasaki disease,0,9,0,1,0,14,1,0,0,0
DB00705,Delavirdine,DOID:13378,Kawasaki disease,0,9,0,1,0,14,1,0,0,0
DB00709,Lamivudine,DOID:13378,Kawasaki disease,0,19,4,2,0,14,1,0,0,0
DB00714,Apomorphine,DOID:13378,Kawasaki disease,0,17,0,0,0,14,1,0,0,0
DB00734,Risperidone,DOID:13378,Kawasaki disease,0,25,1,0,1,14,1,0,0,0
DB00736,Esomeprazole,DOID:13378,Kawasaki disease,0,4,2,1,1,14,1,0,0,0
DB00745,Modafinil,DOID:13378,Kawasaki disease,0,8,6,0,3,14,1,0,0,0
DB00747,Scopolamine,DOID:13378,Kawasaki disease,0,7,0,0,1,14,1,0,0,0
DB00763,Methimazole,DOID:13378,Kawasaki disease,0,9,3,1,2,14,1,0,0,0
DB00787,Aciclovir,DOID:13378,Kawasaki disease,0,6,43,0,31,14,1,0,0,2
DB00795,Sulfasalazine,DOID:13378,Kawasaki disease,0,15,4,4,2,14,1,0,0,0
DB00810,Biperiden,DOID:13378,Kawasaki disease,0,5,62,0,62,14,1,2,0,4
DB00843,Donepezil,DOID:13378,Kawasaki disease,0,7,11,1,9,14,1,1,0,0
DB00850,Perphenazine,DOID:13378,Kawasaki disease,0,21,15,0,39,14,1,0,0,1
DB00884,Risedronate,DOID:13378,Kawasaki disease,0,2,0,2,0,14,1,0,0,0
DB00900,Didanosine,DOID:13378,Kawasaki disease,0,4,1,1,8,14,1,0,0,0
DB00915,Amantadine,DOID:13378,Kawasaki disease,0,14,2,0,3,14,1,0,0,0
DB00916,Metronidazole,DOID:13378,Kawasaki disease,0,3,0,0,1,14,1,0,0,0
DB00945,Acetylsalicylic acid,DOID:13378,Kawasaki disease,1,16,1,2,1,14,1,0,0,0
DB00980,Ramelteon,DOID:13378,Kawasaki disease,0,5,0,0,0,14,1,0,0,0
DB00985,Dimenhydrinate,DOID:13378,Kawasaki disease,0,2,0,2,0,14,1,0,0,0
DB00989,Rivastigmine,DOID:13378,Kawasaki disease,0,4,8,1,7,14,1,0,0,0
DB00993,Azathioprine,DOID:13378,Kawasaki disease,0,6,13,6,9,14,1,0,0,0
DB00996,Gabapentin,DOID:13378,Kawasaki disease,0,5,7,2,6,14,1,0,0,0
DB01014,Balsalazide,DOID:13378,Kawasaki disease,0,4,26,2,5,14,1,0,0,0
DB01033,Mercaptopurine,DOID:13378,Kawasaki disease,0,12,0,3,0,14,1,0,0,0
DB01037,Selegiline,DOID:13378,Kawasaki disease,0,12,0,0,0,14,1,0,0,0
DB01043,Memantine,DOID:13378,Kawasaki disease,0,10,1,1,5,14,1,0,0,0
DB01048,Abacavir,DOID:13378,Kawasaki disease,0,3,0,1,0,14,1,0,0,0
DB01068,Clonazepam,DOID:13378,Kawasaki disease,0,9,0,1,0,14,1,0,0,0
DB01075,Diphenhydramine,DOID:13378,Kawasaki disease,0,12,0,2,0,14,1,0,0,0
DB01077,Etidronic acid,DOID:13378,Kawasaki disease,0,2,10,2,7,14,1,0,0,0
DB01100,Pimozide,DOID:13378,Kawasaki disease,0,23,22,0,43,14,1,2,0,0
DB01104,Sertraline,DOID:13378,Kawasaki disease,0,13,21,0,42,14,1,0,0,1
DB01133,Tiludronate,DOID:13378,Kawasaki disease,0,2,0,1,0,14,1,0,0,0
DB01175,Escitalopram,DOID:13378,Kawasaki disease,0,10,8,0,2,14,1,0,0,0
DB01186,Pergolide,DOID:13378,Kawasaki disease,0,20,2,0,0,14,1,0,0,0
DB01200,Bromocriptine,DOID:13378,Kawasaki disease,0,23,9,1,15,14,1,0,0,0
DB01224,Quetiapine,DOID:13378,Kawasaki disease,0,34,23,0,16,14,1,0,0,0
DB01232,Saquinavir,DOID:13378,Kawasaki disease,0,18,2,1,4,14,1,0,0,0
DB01235,L-DOPA,DOID:13378,Kawasaki disease,0,12,5,0,5,14,1,0,0,0
DB01367,Rasagiline,DOID:13378,Kawasaki disease,0,3,0,0,0,14,1,0,0,0
DB01583,Liotrix,DOID:13378,Kawasaki disease,0,17,3,1,3,14,1,0,0,0
DB01601,Lopinavir,DOID:13378,Kawasaki disease,0,7,1,1,3,14,1,0,0,0
DB05271,Rotigotine,DOID:13378,Kawasaki disease,0,10,0,0,0,14,1,0,0,0
DB00158,Folic Acid,DOID:11119,Gilles de la Tourette syndrome,0,12,0,0,0,16,0,0,0,0
DB00163,Vitamin E,DOID:11119,Gilles de la Tourette syndrome,0,19,6,0,1,16,0,0,0,0
DB00190,Carbidopa,DOID:11119,Gilles de la Tourette syndrome,0,1,16,0,6,16,0,0,0,0
DB00215,Citalopram,DOID:11119,Gilles de la Tourette syndrome,0,14,8,1,2,16,0,0,1,0
DB00220,Nelfinavir,DOID:11119,Gilles de la Tourette syndrome,0,14,5,1,42,16,0,0,0,0
DB00224,Indinavir,DOID:11119,Gilles de la Tourette syndrome,0,13,18,1,3,16,0,0,0,0
DB00238,Nevirapine,DOID:11119,Gilles de la Tourette syndrome,0,7,0,1,0,16,0,0,0,0
DB00244,Mesalazine,DOID:11119,Gilles de la Tourette syndrome,0,7,27,2,10,16,0,0,0,0
DB00245,Benzatropine,DOID:11119,Gilles de la Tourette syndrome,0,6,1,0,1,16,0,0,1,0
DB00246,Ziprasidone,DOID:11119,Gilles de la Tourette syndrome,0,34,1,0,0,16,0,0,4,0
DB00248,Cabergoline,DOID:11119,Gilles de la Tourette syndrome,0,21,6,0,2,16,0,0,4,0
DB00268,Ropinirole,DOID:11119,Gilles de la Tourette syndrome,0,17,9,0,7,16,0,0,4,0
DB00279,Liothyronine,DOID:11119,Gilles de la Tourette syndrome,0,16,0,1,2,16,0,0,0,0
DB00282,Pamidronate,DOID:11119,Gilles de la Tourette syndrome,0,1,0,2,0,16,0,0,0,0
DB00313,Valproic Acid,DOID:11119,Gilles de la Tourette syndrome,0,29,0,2,0,16,0,0,0,0
DB00323,Tolcapone,DOID:11119,Gilles de la Tourette syndrome,0,2,2,0,0,16,0,0,0,0
DB00334,Olanzapine,DOID:11119,Gilles de la Tourette syndrome,0,39,4,0,7,16,0,0,4,0
DB00338,Omeprazole,DOID:11119,Gilles de la Tourette syndrome,0,15,2,1,1,16,0,0,0,0
DB00376,Trihexyphenidyl,DOID:11119,Gilles de la Tourette syndrome,0,5,0,0,0,16,0,0,0,0
DB00387,Procyclidine,DOID:11119,Gilles de la Tourette syndrome,0,4,6,0,2,16,0,0,0,0
DB00399,Zoledronate,DOID:11119,Gilles de la Tourette syndrome,0,6,0,2,0,16,0,0,0,0
DB00413,Pramipexole,DOID:11119,Gilles de la Tourette syndrome,0,16,0,0,0,16,0,0,4,0
DB00424,Hyoscyamine,DOID:11119,Gilles de la Tourette syndrome,0,4,2,1,0,16,0,0,0,0
DB00425,Zolpidem,DOID:11119,Gilles de la Tourette syndrome,0,15,0,0,0,16,0,0,0,0
DB00451,Levothyroxine,DOID:11119,Gilles de la Tourette syndrome,0,16,8,1,11,16,0,0,0,0
DB00494,Entacapone,DOID:11119,Gilles de la Tourette syndrome,0,2,4,0,5,16,0,0,0,0
DB00495,Zidovudine,DOID:11119,Gilles de la Tourette syndrome,0,20,9,1,1,16,0,0,0,0
DB00502,Haloperidol,DOID:11119,Gilles de la Tourette syndrome,0,26,1,0,0,16,0,0,4,0
DB00503,Ritonavir,DOID:11119,Gilles de la Tourette syndrome,0,18,2,1,1,16,0,0,0,0
DB00509,Dextrothyroxine,DOID:11119,Gilles de la Tourette syndrome,0,8,8,1,11,16,0,0,0,0
DB00550,Propylthiouracil,DOID:11119,Gilles de la Tourette syndrome,0,4,11,1,8,16,0,0,0,0
DB00572,Atropine,DOID:11119,Gilles de la Tourette syndrome,0,6,2,0,0,16,0,0,0,0
DB00575,Clonidine,DOID:11119,Gilles de la Tourette syndrome,0,18,12,2,2,16,0,0,0,0
DB00625,Efavirenz,DOID:11119,Gilles de la Tourette syndrome,0,6,5,1,2,16,0,0,0,0
DB00630,Alendronate,DOID:11119,Gilles de la Tourette syndrome,0,5,6,2,16,16,0,0,0,0
DB00635,Prednisone,DOID:11119,Gilles de la Tourette syndrome,0,7,2,15,5,16,0,0,0,0
DB00649,Stavudine,DOID:11119,Gilles de la Tourette syndrome,0,2,10,1,6,16,0,0,0,0
DB00657,Mecamylamine,DOID:11119,Gilles de la Tourette syndrome,0,3,6,1,9,16,0,0,0,0
DB00674,Galantamine,DOID:11119,Gilles de la Tourette syndrome,0,21,2,1,3,16,0,0,0,0
DB00687,Fludrocortisone,DOID:11119,Gilles de la Tourette syndrome,0,3,0,0,0,16,0,0,0,0
DB00701,Amprenavir,DOID:11119,Gilles de la Tourette syndrome,0,9,0,1,0,16,0,0,0,0
DB00705,Delavirdine,DOID:11119,Gilles de la Tourette syndrome,0,9,0,1,0,16,0,0,0,0
DB00709,Lamivudine,DOID:11119,Gilles de la Tourette syndrome,0,19,4,2,0,16,0,0,0,0
DB00714,Apomorphine,DOID:11119,Gilles de la Tourette syndrome,0,17,0,0,0,16,0,0,4,0
DB00734,Risperidone,DOID:11119,Gilles de la Tourette syndrome,0,25,1,0,1,16,0,0,4,0
DB00736,Esomeprazole,DOID:11119,Gilles de la Tourette syndrome,0,4,2,1,1,16,0,0,0,0
DB00745,Modafinil,DOID:11119,Gilles de la Tourette syndrome,0,8,6,0,3,16,0,0,1,0
DB00747,Scopolamine,DOID:11119,Gilles de la Tourette syndrome,0,7,0,0,1,16,0,0,0,0
DB00763,Methimazole,DOID:11119,Gilles de la Tourette syndrome,0,9,3,1,2,16,0,0,0,0
DB00787,Aciclovir,DOID:11119,Gilles de la Tourette syndrome,0,6,43,0,31,16,0,0,0,0
DB00795,Sulfasalazine,DOID:11119,Gilles de la Tourette syndrome,0,15,4,4,2,16,0,0,0,0
DB00810,Biperiden,DOID:11119,Gilles de la Tourette syndrome,0,5,62,0,62,16,0,0,0,0
DB00843,Donepezil,DOID:11119,Gilles de la Tourette syndrome,0,7,11,1,9,16,0,0,1,0
DB00850,Perphenazine,DOID:11119,Gilles de la Tourette syndrome,0,21,15,0,39,16,0,0,2,0
DB00884,Risedronate,DOID:11119,Gilles de la Tourette syndrome,0,2,0,2,0,16,0,0,0,0
DB00900,Didanosine,DOID:11119,Gilles de la Tourette syndrome,0,4,1,1,8,16,0,0,0,0
DB00915,Amantadine,DOID:11119,Gilles de la Tourette syndrome,0,14,2,0,3,16,0,0,1,0
DB00916,Metronidazole,DOID:11119,Gilles de la Tourette syndrome,0,3,0,0,1,16,0,0,0,0
DB00945,Acetylsalicylic acid,DOID:11119,Gilles de la Tourette syndrome,0,16,1,2,1,16,0,0,0,0
DB00980,Ramelteon,DOID:11119,Gilles de la Tourette syndrome,0,5,0,0,0,16,0,0,0,0
DB00985,Dimenhydrinate,DOID:11119,Gilles de la Tourette syndrome,0,2,0,2,0,16,0,0,0,0
DB00989,Rivastigmine,DOID:11119,Gilles de la Tourette syndrome,0,4,8,1,7,16,0,0,0,0
DB00993,Azathioprine,DOID:11119,Gilles de la Tourette syndrome,0,6,13,6,9,16,0,0,0,0
DB00996,Gabapentin,DOID:11119,Gilles de la Tourette syndrome,0,5,7,2,6,16,0,0,0,0
DB01014,Balsalazide,DOID:11119,Gilles de la Tourette syndrome,0,4,26,2,5,16,0,0,0,0
DB01033,Mercaptopurine,DOID:11119,Gilles de la Tourette syndrome,0,12,0,3,0,16,0,0,0,0
DB01037,Selegiline,DOID:11119,Gilles de la Tourette syndrome,0,12,0,0,0,16,0,0,0,0
DB01043,Memantine,DOID:11119,Gilles de la Tourette syndrome,0,10,1,1,5,16,0,0,1,0
DB01048,Abacavir,DOID:11119,Gilles de la Tourette syndrome,0,3,0,1,0,16,0,0,0,0
DB01068,Clonazepam,DOID:11119,Gilles de la Tourette syndrome,0,9,0,1,0,16,0,0,0,0
DB01075,Diphenhydramine,DOID:11119,Gilles de la Tourette syndrome,0,12,0,2,0,16,0,0,0,0
DB01077,Etidronic acid,DOID:11119,Gilles de la Tourette syndrome,0,2,10,2,7,16,0,0,0,0
DB01100,Pimozide,DOID:11119,Gilles de la Tourette syndrome,0,23,22,0,43,16,0,0,3,0
DB01104,Sertraline,DOID:11119,Gilles de la Tourette syndrome,0,13,21,0,42,16,0,0,1,0
DB01133,Tiludronate,DOID:11119,Gilles de la Tourette syndrome,0,2,0,1,0,16,0,0,0,0
DB01175,Escitalopram,DOID:11119,Gilles de la Tourette syndrome,0,10,8,0,2,16,0,0,1,0
DB01186,Pergolide,DOID:11119,Gilles de la Tourette syndrome,0,20,2,0,0,16,0,0,4,0
DB01200,Bromocriptine,DOID:11119,Gilles de la Tourette syndrome,0,23,9,1,15,16,0,0,4,0
DB01224,Quetiapine,DOID:11119,Gilles de la Tourette syndrome,0,34,23,0,16,16,0,0,4,0
DB01232,Saquinavir,DOID:11119,Gilles de la Tourette syndrome,0,18,2,1,4,16,0,0,0,0
DB01235,L-DOPA,DOID:11119,Gilles de la Tourette syndrome,0,12,5,0,5,16,0,0,3,0
DB01367,Rasagiline,DOID:11119,Gilles de la Tourette syndrome,0,3,0,0,0,16,0,0,0,0
DB01583,Liotrix,DOID:11119,Gilles de la Tourette syndrome,0,17,3,1,3,16,0,0,0,0
DB01601,Lopinavir,DOID:11119,Gilles de la Tourette syndrome,0,7,1,1,3,16,0,0,0,0
DB05271,Rotigotine,DOID:11119,Gilles de la Tourette syndrome,0,10,0,0,0,16,0,0,3,0
DB00158,Folic Acid,DOID:9206,Barrett's esophagus,0,12,0,0,0,24,2,0,0,0
DB00163,Vitamin E,DOID:9206,Barrett's esophagus,0,19,6,0,1,24,2,0,1,0
DB00190,Carbidopa,DOID:9206,Barrett's esophagus,0,1,16,0,6,24,2,0,0,0
DB00215,Citalopram,DOID:9206,Barrett's esophagus,0,14,8,1,2,24,2,0,0,0
DB00220,Nelfinavir,DOID:9206,Barrett's esophagus,0,14,5,1,42,24,2,0,0,2
DB00224,Indinavir,DOID:9206,Barrett's esophagus,0,13,18,1,3,24,2,0,0,0
DB00238,Nevirapine,DOID:9206,Barrett's esophagus,0,7,0,1,0,24,2,0,0,0
DB00244,Mesalazine,DOID:9206,Barrett's esophagus,0,7,27,2,10,24,2,3,2,3
DB00245,Benzatropine,DOID:9206,Barrett's esophagus,0,6,1,0,1,24,2,0,0,0
DB00246,Ziprasidone,DOID:9206,Barrett's esophagus,0,34,1,0,0,24,2,0,0,0
DB00248,Cabergoline,DOID:9206,Barrett's esophagus,0,21,6,0,2,24,2,0,0,0
DB00268,Ropinirole,DOID:9206,Barrett's esophagus,0,17,9,0,7,24,2,0,0,0
DB00279,Liothyronine,DOID:9206,Barrett's esophagus,0,16,0,1,2,24,2,0,0,0
DB00282,Pamidronate,DOID:9206,Barrett's esophagus,0,1,0,2,0,24,2,0,0,0
DB00313,Valproic Acid,DOID:9206,Barrett's esophagus,0,29,0,2,0,24,2,0,0,0
DB00323,Tolcapone,DOID:9206,Barrett's esophagus,0,2,2,0,0,24,2,0,0,0
DB00334,Olanzapine,DOID:9206,Barrett's esophagus,0,39,4,0,7,24,2,0,0,0
DB00338,Omeprazole,DOID:9206,Barrett's esophagus,1,15,2,1,1,24,2,0,1,0
DB00376,Trihexyphenidyl,DOID:9206,Barrett's esophagus,0,5,0,0,0,24,2,0,0,0
DB00387,Procyclidine,DOID:9206,Barrett's esophagus,0,4,6,0,2,24,2,0,0,2
DB00399,Zoledronate,DOID:9206,Barrett's esophagus,0,6,0,2,0,24,2,0,0,0
DB00413,Pramipexole,DOID:9206,Barrett's esophagus,0,16,0,0,0,24,2,0,0,0
DB00424,Hyoscyamine,DOID:9206,Barrett's esophagus,0,4,2,1,0,24,2,0,0,0
DB00425,Zolpidem,DOID:9206,Barrett's esophagus,0,15,0,0,0,24,2,0,0,0
DB00451,Levothyroxine,DOID:9206,Barrett's esophagus,0,16,8,1,11,24,2,0,0,0
DB00494,Entacapone,DOID:9206,Barrett's esophagus,0,2,4,0,5,24,2,0,0,0
DB00495,Zidovudine,DOID:9206,Barrett's esophagus,0,20,9,1,1,24,2,0,0,0
DB00502,Haloperidol,DOID:9206,Barrett's esophagus,0,26,1,0,0,24,2,0,0,0
DB00503,Ritonavir,DOID:9206,Barrett's esophagus,0,18,2,1,1,24,2,0,0,0
DB00509,Dextrothyroxine,DOID:9206,Barrett's esophagus,0,8,8,1,11,24,2,0,0,0
DB00550,Propylthiouracil,DOID:9206,Barrett's esophagus,0,4,11,1,8,24,2,0,0,2
DB00572,Atropine,DOID:9206,Barrett's esophagus,0,6,2,0,0,24,2,0,0,0
DB00575,Clonidine,DOID:9206,Barrett's esophagus,0,18,12,2,2,24,2,0,0,0
DB00625,Efavirenz,DOID:9206,Barrett's esophagus,0,6,5,1,2,24,2,0,0,4
DB00630,Alendronate,DOID:9206,Barrett's esophagus,0,5,6,2,16,24,2,0,0,2
DB00635,Prednisone,DOID:9206,Barrett's esophagus,0,7,2,15,5,24,2,0,0,0
DB00649,Stavudine,DOID:9206,Barrett's esophagus,0,2,10,1,6,24,2,3,0,0
DB00657,Mecamylamine,DOID:9206,Barrett's esophagus,0,3,6,1,9,24,2,0,0,0
DB00674,Galantamine,DOID:9206,Barrett's esophagus,0,21,2,1,3,24,2,0,0,0
DB00687,Fludrocortisone,DOID:9206,Barrett's esophagus,0,3,0,0,0,24,2,0,0,0
DB00701,Amprenavir,DOID:9206,Barrett's esophagus,0,9,0,1,0,24,2,0,0,0
DB00705,Delavirdine,DOID:9206,Barrett's esophagus,0,9,0,1,0,24,2,0,0,0
DB00709,Lamivudine,DOID:9206,Barrett's esophagus,0,19,4,2,0,24,2,0,0,0
DB00714,Apomorphine,DOID:9206,Barrett's esophagus,0,17,0,0,0,24,2,0,0,0
DB00734,Risperidone,DOID:9206,Barrett's esophagus,0,25,1,0,1,24,2,0,0,0
DB00736,Esomeprazole,DOID:9206,Barrett's esophagus,1,4,2,1,1,24,2,0,1,0
DB00745,Modafinil,DOID:9206,Barrett's esophagus,0,8,6,0,3,24,2,0,0,0
DB00747,Scopolamine,DOID:9206,Barrett's esophagus,0,7,0,0,1,24,2,0,0,0
DB00763,Methimazole,DOID:9206,Barrett's esophagus,0,9,3,1,2,24,2,0,0,0
DB00787,Aciclovir,DOID:9206,Barrett's esophagus,0,6,43,0,31,24,2,0,0,4
DB00795,Sulfasalazine,DOID:9206,Barrett's esophagus,0,15,4,4,2,24,2,0,2,2
DB00810,Biperiden,DOID:9206,Barrett's esophagus,0,5,62,0,62,24,2,4,0,4
DB00843,Donepezil,DOID:9206,Barrett's esophagus,0,7,11,1,9,24,2,0,0,2
DB00850,Perphenazine,DOID:9206,Barrett's esophagus,0,21,15,0,39,24,2,0,0,1
DB00884,Risedronate,DOID:9206,Barrett's esophagus,0,2,0,2,0,24,2,0,1,0
DB00900,Didanosine,DOID:9206,Barrett's esophagus,0,4,1,1,8,24,2,0,0,1
DB00915,Amantadine,DOID:9206,Barrett's esophagus,0,14,2,0,3,24,2,0,0,0
DB00916,Metronidazole,DOID:9206,Barrett's esophagus,0,3,0,0,1,24,2,0,0,0
DB00945,Acetylsalicylic acid,DOID:9206,Barrett's esophagus,0,16,1,2,1,24,2,0,2,0
DB00980,Ramelteon,DOID:9206,Barrett's esophagus,0,5,0,0,0,24,2,0,0,0
DB00985,Dimenhydrinate,DOID:9206,Barrett's esophagus,0,2,0,2,0,24,2,0,0,0
DB00989,Rivastigmine,DOID:9206,Barrett's esophagus,0,4,8,1,7,24,2,0,0,0
DB00993,Azathioprine,DOID:9206,Barrett's esophagus,0,6,13,6,9,24,2,0,0,0
DB00996,Gabapentin,DOID:9206,Barrett's esophagus,0,5,7,2,6,24,2,0,0,0
DB01014,Balsalazide,DOID:9206,Barrett's esophagus,0,4,26,2,5,24,2,1,2,0
DB01033,Mercaptopurine,DOID:9206,Barrett's esophagus,0,12,0,3,0,24,2,0,0,0
DB01037,Selegiline,DOID:9206,Barrett's esophagus,0,12,0,0,0,24,2,0,0,0
DB01043,Memantine,DOID:9206,Barrett's esophagus,0,10,1,1,5,24,2,0,0,2
DB01048,Abacavir,DOID:9206,Barrett's esophagus,0,3,0,1,0,24,2,0,0,0
DB01068,Clonazepam,DOID:9206,Barrett's esophagus,0,9,0,1,0,24,2,0,0,0
DB01075,Diphenhydramine,DOID:9206,Barrett's esophagus,0,12,0,2,0,24,2,0,0,0
DB01077,Etidronic acid,DOID:9206,Barrett's esophagus,0,2,10,2,7,24,2,0,0,0
DB01100,Pimozide,DOID:9206,Barrett's esophagus,0,23,22,0,43,24,2,6,0,0
DB01104,Sertraline,DOID:9206,Barrett's esophagus,0,13,21,0,42,24,2,0,0,1
DB01133,Tiludronate,DOID:9206,Barrett's esophagus,0,2,0,1,0,24,2,0,0,0
DB01175,Escitalopram,DOID:9206,Barrett's esophagus,0,10,8,0,2,24,2,0,0,0
DB01186,Pergolide,DOID:9206,Barrett's esophagus,0,20,2,0,0,24,2,0,0,0
DB01200,Bromocriptine,DOID:9206,Barrett's esophagus,0,23,9,1,15,24,2,0,0,0
DB01224,Quetiapine,DOID:9206,Barrett's esophagus,0,34,23,0,16,24,2,2,0,0
DB01232,Saquinavir,DOID:9206,Barrett's esophagus,0,18,2,1,4,24,2,0,0,0
DB01235,L-DOPA,DOID:9206,Barrett's esophagus,0,12,5,0,5,24,2,0,0,0
DB01367,Rasagiline,DOID:9206,Barrett's esophagus,0,3,0,0,0,24,2,0,0,0
DB01583,Liotrix,DOID:9206,Barrett's esophagus,0,17,3,1,3,24,2,0,0,0
DB01601,Lopinavir,DOID:9206,Barrett's esophagus,0,7,1,1,3,24,2,0,0,0
DB05271,Rotigotine,DOID:9206,Barrett's esophagus,0,10,0,0,0,24,2,0,0,0
DB00158,Folic Acid,DOID:635,acquired immunodeficiency syndrome,0,12,0,0,0,40,14,0,0,0
DB00163,Vitamin E,DOID:635,acquired immunodeficiency syndrome,0,19,6,0,1,40,14,0,0,0
DB00190,Carbidopa,DOID:635,acquired immunodeficiency syndrome,0,1,16,0,6,40,14,0,0,0
DB00215,Citalopram,DOID:635,acquired immunodeficiency syndrome,0,14,8,1,2,40,14,0,0,0
DB00220,Nelfinavir,DOID:635,acquired immunodeficiency syndrome,1,14,5,1,42,40,14,0,0,1
DB00224,Indinavir,DOID:635,acquired immunodeficiency syndrome,1,13,18,1,3,40,14,0,0,0
DB00238,Nevirapine,DOID:635,acquired immunodeficiency syndrome,1,7,0,1,0,40,14,0,0,0
DB00244,Mesalazine,DOID:635,acquired immunodeficiency syndrome,0,7,27,2,10,40,14,0,0,5
DB00245,Benzatropine,DOID:635,acquired immunodeficiency syndrome,0,6,1,0,1,40,14,0,0,0
DB00246,Ziprasidone,DOID:635,acquired immunodeficiency syndrome,0,34,1,0,0,40,14,0,0,0
DB00248,Cabergoline,DOID:635,acquired immunodeficiency syndrome,0,21,6,0,2,40,14,0,0,0
DB00268,Ropinirole,DOID:635,acquired immunodeficiency syndrome,0,17,9,0,7,40,14,0,0,0
DB00279,Liothyronine,DOID:635,acquired immunodeficiency syndrome,0,16,0,1,2,40,14,0,1,0
DB00282,Pamidronate,DOID:635,acquired immunodeficiency syndrome,0,1,0,2,0,40,14,0,0,0
DB00313,Valproic Acid,DOID:635,acquired immunodeficiency syndrome,0,29,0,2,0,40,14,0,0,0
DB00323,Tolcapone,DOID:635,acquired immunodeficiency syndrome,0,2,2,0,0,40,14,0,0,0
DB00334,Olanzapine,DOID:635,acquired immunodeficiency syndrome,0,39,4,0,7,40,14,0,1,0
DB00338,Omeprazole,DOID:635,acquired immunodeficiency syndrome,0,15,2,1,1,40,14,0,0,0
DB00376,Trihexyphenidyl,DOID:635,acquired immunodeficiency syndrome,0,5,0,0,0,40,14,0,0,0
DB00387,Procyclidine,DOID:635,acquired immunodeficiency syndrome,0,4,6,0,2,40,14,1,0,0
DB00399,Zoledronate,DOID:635,acquired immunodeficiency syndrome,0,6,0,2,0,40,14,0,0,0
DB00413,Pramipexole,DOID:635,acquired immunodeficiency syndrome,0,16,0,0,0,40,14,0,0,0
DB00424,Hyoscyamine,DOID:635,acquired immunodeficiency syndrome,0,4,2,1,0,40,14,0,0,0
DB00425,Zolpidem,DOID:635,acquired immunodeficiency syndrome,0,15,0,0,0,40,14,0,0,0
DB00451,Levothyroxine,DOID:635,acquired immunodeficiency syndrome,0,16,8,1,11,40,14,1,1,0
DB00494,Entacapone,DOID:635,acquired immunodeficiency syndrome,0,2,4,0,5,40,14,0,0,0
DB00495,Zidovudine,DOID:635,acquired immunodeficiency syndrome,1,20,9,1,1,40,14,0,1,0
DB00502,Haloperidol,DOID:635,acquired immunodeficiency syndrome,0,26,1,0,0,40,14,0,0,0
DB00503,Ritonavir,DOID:635,acquired immunodeficiency syndrome,1,18,2,1,1,40,14,0,0,0
DB00509,Dextrothyroxine,DOID:635,acquired immunodeficiency syndrome,0,8,8,1,11,40,14,1,0,0
DB00550,Propylthiouracil,DOID:635,acquired immunodeficiency syndrome,0,4,11,1,8,40,14,0,0,0
DB00572,Atropine,DOID:635,acquired immunodeficiency syndrome,0,6,2,0,0,40,14,0,0,0
DB00575,Clonidine,DOID:635,acquired immunodeficiency syndrome,0,18,12,2,2,40,14,0,0,0
DB00625,Efavirenz,DOID:635,acquired immunodeficiency syndrome,1,6,5,1,2,40,14,0,0,1
DB00630,Alendronate,DOID:635,acquired immunodeficiency syndrome,0,5,6,2,16,40,14,0,0,2
DB00635,Prednisone,DOID:635,acquired immunodeficiency syndrome,0,7,2,15,5,40,14,0,1,0
DB00649,Stavudine,DOID:635,acquired immunodeficiency syndrome,1,2,10,1,6,40,14,0,0,0
DB00657,Mecamylamine,DOID:635,acquired immunodeficiency syndrome,0,3,6,1,9,40,14,0,0,0
DB00674,Galantamine,DOID:635,acquired immunodeficiency syndrome,0,21,2,1,3,40,14,0,0,0
DB00687,Fludrocortisone,DOID:635,acquired immunodeficiency syndrome,0,3,0,0,0,40,14,0,0,0
DB00701,Amprenavir,DOID:635,acquired immunodeficiency syndrome,1,9,0,1,0,40,14,0,0,0
DB00705,Delavirdine,DOID:635,acquired immunodeficiency syndrome,1,9,0,1,0,40,14,0,0,0
DB00709,Lamivudine,DOID:635,acquired immunodeficiency syndrome,1,19,4,2,0,40,14,0,0,0
DB00714,Apomorphine,DOID:635,acquired immunodeficiency syndrome,0,17,0,0,0,40,14,0,0,0
DB00734,Risperidone,DOID:635,acquired immunodeficiency syndrome,0,25,1,0,1,40,14,0,0,0
DB00736,Esomeprazole,DOID:635,acquired immunodeficiency syndrome,0,4,2,1,1,40,14,0,0,0
DB00745,Modafinil,DOID:635,acquired immunodeficiency syndrome,0,8,6,0,3,40,14,0,0,0
DB00747,Scopolamine,DOID:635,acquired immunodeficiency syndrome,0,7,0,0,1,40,14,0,0,0
DB00763,Methimazole,DOID:635,acquired immunodeficiency syndrome,0,9,3,1,2,40,14,0,0,0
DB00787,Aciclovir,DOID:635,acquired immunodeficiency syndrome,0,6,43,0,31,40,14,0,0,5
DB00795,Sulfasalazine,DOID:635,acquired immunodeficiency syndrome,0,15,4,4,2,40,14,0,0,0
DB00810,Biperiden,DOID:635,acquired immunodeficiency syndrome,0,5,62,0,62,40,14,3,0,5
DB00843,Donepezil,DOID:635,acquired immunodeficiency syndrome,0,7,11,1,9,40,14,4,0,1
DB00850,Perphenazine,DOID:635,acquired immunodeficiency syndrome,0,21,15,0,39,40,14,0,0,5
DB00884,Risedronate,DOID:635,acquired immunodeficiency syndrome,0,2,0,2,0,40,14,0,0,0
DB00900,Didanosine,DOID:635,acquired immunodeficiency syndrome,1,4,1,1,8,40,14,0,0,0
DB00915,Amantadine,DOID:635,acquired immunodeficiency syndrome,0,14,2,0,3,40,14,0,0,0
DB00916,Metronidazole,DOID:635,acquired immunodeficiency syndrome,0,3,0,0,1,40,14,0,0,0
DB00945,Acetylsalicylic acid,DOID:635,acquired immunodeficiency syndrome,0,16,1,2,1,40,14,0,1,0
DB00980,Ramelteon,DOID:635,acquired immunodeficiency syndrome,0,5,0,0,0,40,14,0,0,0
DB00985,Dimenhydrinate,DOID:635,acquired immunodeficiency syndrome,0,2,0,2,0,40,14,0,0,0
DB00989,Rivastigmine,DOID:635,acquired immunodeficiency syndrome,0,4,8,1,7,40,14,0,0,0
DB00993,Azathioprine,DOID:635,acquired immunodeficiency syndrome,0,6,13,6,9,40,14,1,0,0
DB00996,Gabapentin,DOID:635,acquired immunodeficiency syndrome,0,5,7,2,6,40,14,0,0,0
DB01014,Balsalazide,DOID:635,acquired immunodeficiency syndrome,0,4,26,2,5,40,14,1,0,0
DB01033,Mercaptopurine,DOID:635,acquired immunodeficiency syndrome,0,12,0,3,0,40,14,0,0,0
DB01037,Selegiline,DOID:635,acquired immunodeficiency syndrome,0,12,0,0,0,40,14,0,0,0
DB01043,Memantine,DOID:635,acquired immunodeficiency syndrome,0,10,1,1,5,40,14,0,0,1
DB01048,Abacavir,DOID:635,acquired immunodeficiency syndrome,1,3,0,1,0,40,14,0,0,0
DB01068,Clonazepam,DOID:635,acquired immunodeficiency syndrome,0,9,0,1,0,40,14,0,1,0
DB01075,Diphenhydramine,DOID:635,acquired immunodeficiency syndrome,0,12,0,2,0,40,14,0,0,0
DB01077,Etidronic acid,DOID:635,acquired immunodeficiency syndrome,0,2,10,2,7,40,14,0,0,0
DB01100,Pimozide,DOID:635,acquired immunodeficiency syndrome,0,23,22,0,43,40,14,3,0,0
DB01104,Sertraline,DOID:635,acquired immunodeficiency syndrome,0,13,21,0,42,40,14,1,0,6
DB01133,Tiludronate,DOID:635,acquired immunodeficiency syndrome,0,2,0,1,0,40,14,0,0,0
DB01175,Escitalopram,DOID:635,acquired immunodeficiency syndrome,0,10,8,0,2,40,14,0,0,0
DB01186,Pergolide,DOID:635,acquired immunodeficiency syndrome,0,20,2,0,0,40,14,0,0,0
DB01200,Bromocriptine,DOID:635,acquired immunodeficiency syndrome,0,23,9,1,15,40,14,1,0,0
DB01224,Quetiapine,DOID:635,acquired immunodeficiency syndrome,0,34,23,0,16,40,14,2,0,0
DB01232,Saquinavir,DOID:635,acquired immunodeficiency syndrome,1,18,2,1,4,40,14,0,1,0
DB01235,L-DOPA,DOID:635,acquired immunodeficiency syndrome,0,12,5,0,5,40,14,0,0,0
DB01367,Rasagiline,DOID:635,acquired immunodeficiency syndrome,0,3,0,0,0,40,14,0,0,0
DB01583,Liotrix,DOID:635,acquired immunodeficiency syndrome,0,17,3,1,3,40,14,0,1,0
DB01601,Lopinavir,DOID:635,acquired immunodeficiency syndrome,1,7,1,1,3,40,14,0,0,0
DB05271,Rotigotine,DOID:635,acquired immunodeficiency syndrome,0,10,0,0,0,40,14,0,0,0